<?xml version="1.0" encoding="UTF-8" ?>
<!DOCTYPE struts PUBLIC "-//Apache Software Foundation//DTD Struts Configuration 2.1//EN" "http://struts.apache.org/dtds/struts-2.1.dtd">
<struts>
	<constant name="struts.devMode" value="true"/>
	<package name="whiteblog" extends="struts-default,json-default" namespace="/">
		<action name="login" class="LoginAction" method="execute">
			<result name="user">/index_rt.jsp</result>
			<result name="admin" type="redirectAction">showuncheckblog</result>
			<result name="error">/error.jsp</result>
		</action>
		<action name="register" class="RegisterAction" method="execute">
			<result name="success">/success.jsp</result>
			<result name="error">/error.jsp</result>
		</action>
		<action name="content" class="BlogContent" method="execute">
			<result name="success" >/blogcontent_rt.jsp</result>
			<result name="fail">/404.html</result>
		</action>
		<action name="uncheckcontent" class="BlogContent" method="uncheck">
			<result name="success" >/uncheckcontent.jsp</result>
			<result name="fail">/404.html</result>
		</action>
		<action name="review" class="BlogContent" method="review">
			<result name="success" type="redirectAction">showuncheckblog</result>
		</action>
		<action name="searchArticle" class="SearchArticleAction" method="execute">
 			<result name="success">/articleListTest.jsp</result>
			<result name="error">/404.html</result>
		</action>
		<action name="ShowBlogList" class="ShowBlogListAction" method="execute">
			<result name="success">/success.jsp</result>
			<result name="error">/404.html</result>
		</action>
		<action name="publish" class="PublishAction" method="execute">
			<result name="input">/publish.jsp</result>
			<result name="success" type="redirectAction">
			 	<param name="actionName">content</param>
                <param name="id">${id}</param>
			</result>
			<result name="error">/error.jsp</result>
		</action>
		<action name="notice" class="NoticeAction" method="execute">
			<result name="success" type="json">
				<param name="root">noticeList</param>
			</result>
		</action>
		<action name="checkNotice" class="NoticeAction" method="checkNew">
			<result name="success" type="json">
				<param name="root">checkResult</param>
			</result>
		</action>
		
		<action name="getalluser" class="UserAction" method="getAllUser">
			<result name="success">/authors.jsp</result>
		</action>
		
		<action name="deleteuser" class="UserAction" method="deleteUser">
			<result name="success">/authors.jsp</result>
		</action>
		
		<action name="ShowCommentList" class="ShowCommentListAction" method="execute">
			<result name="success">/blogcontent_rt.jsp</result>
			<result name="error">/404.html</result>
		</action>
		<action name="PostComment" class="PostCommentAction" method="execute">
			<result name="success">/blogcontent_rt.jsp</result>
			<result name="error">/404.html</result>
		</action>
		<action name="ShowInformedBlogList" class="ShowInformedBlogListAction" method="execute">
			<result name="success">/index_admin.jsp</result>
			<result name="error">/404.html</result>
		</action>
		<action name="deleteBlog" class="DeleteBlogAction" method="execute">
 			<result name="success" type="json">
 				<param name="root">id</param>
 			</result>
 			<result name="error">/error.jsp</result>
		</action>
		<action name="changeDeleteList" class="ShowBlogListAction" method="changeBlogList">
			<result name="success" type="json">
				<param name="root">blogList</param>
			</result>
		</action>
		<action name="showuncheckblog" class="ShowBlogListAction" method="showUNCheckBlog">
			<result name="success">/authors.jsp</result>
			<result name="error">/404.html</result>
		</action>
		<action name="sendMessage" class="SendMessageAction" method="execute">
			<result name="success">./index_rt.jsp</result>
			<result name="fail">/404.html</result>
		</action>
		<action name="addTags" class="addTagsAction" method="addTags">
			<result name="success">./index_rt.jsp</result>
			<result name="error">/404.html</result>
		</action>
		<action name="showMailList" class="showMailListAction" method="execute">
			<result name="success">/mailList.jsp</result>
		</action>
		<action name="findBlogByTagAction" class="FindBlogByTagAction" method="findBlogs">
			<result name="success">./blogAndTags.jsp</result>
		</action>
		<action name="logout" class="com.whiteblog.action.logoutAction" method="execute">
			<result name="success">/index_rt.jsp</result>
		</action>
		<action name="modify" class="modifyAction" method="execute">			
			<result name="success" type="redirectAction">
			 	<param name="actionName">content</param>
                <param name="id">${id}</param>			
			</result>
		</action>
		<action name="showBlogToModify" class="showBlogToModifyAciton" method="execute">
			<result name="success">/modify.jsp</result>
		</action>
	</package>


</struts>    
